Name,Address,Phone
WAXGOGAÂ® AYURVEDIC,"Saharanpur Rd, Shanti Vihar Colony, Subhash Nagar, Dehradun, Shewala Kala, Uttarakhand 248171",079020 00059
UK07DAILYNEEDS,"gate No 2, Transport Nagar, Subhash Nagar, Dehradun, Sewla Khurd, Uttarakhand 248002",079834 29863
HUMANKIND ENTERPRISES PVT LTD:- Pcd Pharma Franchise Provider| Pharmaceutical Products Supplier in Uttarakhand,"D-3 First floor, Transport Nagar, Subhash Nagar, Dehradun, Sewla Khurd, Uttarakhand 248002",081712 66649
Anlics Technologies Pvt. Ltd.,"Suite No. 2213, Doon Express Business Park Rd, Subhash Nagar, Dehradun, Sewla Khurd, Uttarakhand 248001",075007 56437
Collationhub Pvt. Ltd.,"Suite 212A, Building, 2000, Doon Express Business Park Rd, Transport Nagar, Clement Town, Dehradun, Sewla Khurd, Uttarakhand 248001",1800 890 8030
PHARMACEUTICAL COMPANY,"23-A, HIG IInd, Indrapuram, GMS Rd, Dehradun, Uttarakhand 248001",N/A
D.S COMPANY,"H.N 208/2, Lane no-11, Puri Stop Road, near Kashmir House, Clement Town, Dehradun, Uttarakhand 248002",096344 80849
Prateek & Company,"Shop no. 7, Nagar Nigam Complex, Darshan Lal Chowk, Dehradun, Uttarakhand 248001",080067 00555
Asclepius wellness,"Mothrowala, Dehradun, Uttarakhand 248001",040 4434 7100
Devbhumi natural Products Producer Co. LTd,"Plot number 15, Old SBI lane, Industrial Area, Mohabbewala, Dehradun, Uttarakhand 248110",090847 56745
GWS GLORIFY WELLNESS,"224, Lane 5, Chaman Vihar, Sewla Kalan, Majra, Dehradun, Uttarakhand 248001",070178 70657
Windlas Biotech Limited,"40/1, Industrial Area, Mohabbewala, Dehradun, Uttarakhand 248110",0135 660 8000
Beown Tech - Software Application Development Company,"2nd Floor, Sandhu center, Saharanpur Rd, Transport Nagar, Dehradun, Uttarakhand 248001",086506 26363
Azora Group Associates,"Lane 10, Turner Rd, Morowala, Clement Town, Dehradun, Uttarakhand 248001",070689 30689
ğ†ğ‘ğ€ğğƒğ„ğ”ğ‘ ğğ„ğ“ || Digital marketing || Marketing || IT Company in Dehradun,"Best marketing and IT company in, Grandeur Net , Bengali Kothi Chowk, Haridwar Bypass Rd, near Bank of Baroda, Dehradun, Uttarakhand 248001",091490 50623
Raysteeds Infotech Private Limited - Leading Global IT Services Provider Company,"4th Floor, JP Bhavan, Raysteeds Infotech Private Limited, near Vikas Cine Mall, Vasant Vihar, Indra Nagar Colony, Dehradun, Uttarakhand 248001",093899 50561
Group Pharmaceuticals Limited,"588, Beniwal House, Near St. Jude's School, Shimla Bypass Chowk, Shimla Bypass Rd, Shewalakala, Dehradun, Uttarakhand 248001",090277 13813
Eraons,"B-1 Block, H/N -142, Lane No 6, Mata Mandir Rd, Saraswati Vihar, Dharmpur, Dehradun, Uttarakhand 248001",097561 83802
Exolent Pharmaceutical Pvt Ltd,"Kargi, behind kali mandir, Banjarawala, Dehradun, Uttarakhand 248001",N/A
Fusionavinya.com Pvt. Ltd,"Bangali kothi Chowk, Mothurawala, Main Rd, Prem vihar, Dehradun, Uttarakhand 248001",063966 94861
