Ranking,Name,Site
1,GoodFirms,https://www.goodfirms.co/companies/web-development-agency
2,DesignRush,https://www.designrush.com/agency/web-development-companies
3,DevsClub,https://www.devsclub.gr/the-20-richest-programmers-in-the-world/
4,ProfileTree,"https://profiletree.com/what-are-the-three-web-technologies/#:~:text=Now%2C%20let's%20move%20back%20to,HTML%2C%20CSS%2C%20and%20JavaScript."
6,Matebiz,https://www.matebiz.com/
7,Netguru,https://www.netguru.com/services/web-development
8,ScienceSoft,https://www.scnsoft.com/web-development
9,Clutch.co,https://clutch.co/web-developers
10,SelectedFirms,https://selectedfirms.co/companies/web-development/india
11,Upwork,https://www.upwork.com/agencies/web-development-agencies/
12,ColorWhistle,https://colorwhistle.com/
